{
    "How do you replace coolant thermostat": [
        "https://www.wikihow.com/Replace-a-Thermostat-in-a-Car",
        "https://shop.advanceautoparts.com/r/car-projects/how-to-replace-a-vehicle-thermostat",
        "https://oards.com/how-to-replace-car-thermostat/",
        "https://eaglesgarage.com/how-to-replace-a-cars-thermostat-a-step-by-step-guide/",
        "https://www.youtube.com/watch?v=uPSIMcmd-rQ",
        "https://www.trustmymechanic.com/how-to-replace-the-thermostat-in-your-car/",
        "https://www.youtube.com/watch?v=EfKaw27IcRM",
        "https://www.howacarworks.com/cooling-systems/how-to-replace-a-car-thermostat",
        "https://www.youtube.com/watch?v=NehZEoOZrn4",
        "https://chevroletforum.com/how-tos/a/chevrolet-silverado-1999-2006-how-to-replace-thermostat-and-housing-392998"
    ],
    "How is library science vand information science related": [
        "https://www.youtube.com/watch?v=pfP7AjwIZI8",
        "https://ischool.uw.edu/programs/mlis/what-is-library-science",
        "https://www.sciencedirect.com/topics/social-sciences/library-and-information-science",
        "https://open.umn.edu/opentextbooks/textbooks/1433",
        "https://www.usnews.com/education/best-graduate-schools/articles/what-library-science-is-and-how-to-become-a-librarian",
        "https://guides.loc.gov/library-science/introduction",
        "https://csi.pressbooks.pub/lis/front-matter/introduction/",
        "https://www.libraryjournal.com/story/library-and-information-science-the-good-fight-lj250513",
        "https://resources.noodle.com/articles/library-science-degrees/",
        "https://www.libraryjournal.com/story/library-and-information-science-more-critical-than-ever-lj221017"
    ],
    "Which phase is the non dividing stage": [
        "https://socratic.org/questions/which-phase-of-the-cell-cycle-is-characterized-by-a-non-dividing-cell",
        "https://bio.libretexts.org/Bookshelves/Human_Biology/Book%3A_Human_Biology_(Wakim_and_Grewal)/07%3A_Cell_Reproduction/7.2%3A_Cell_Cycle_and_Cell_Division",
        "https://sciencenotes.org/cell-cycle-phases-and-checkpoints/",
        "https://study.com/learn/lesson/g0-phase-cell-cycle-definition-overview.html",
        "https://biologydictionary.net/interphase/",
        "https://openstax.org/books/biology-ap-courses/pages/10-2-the-cell-cycle",
        "https://biologydictionary.net/cell-cycle/",
        "https://bio.libretexts.org/Courses/Lumen_Learning/Fundamentals_of_Biology_II_(Lumen)/14%3A_Module_11-_Cell_Division_and_Cell_Cycle/14.05%3A_The_Cell_Cycle",
        "https://biology.arizona.edu/cell_bio/tutorials/cell_cycle/cells2.html",
        "https://openstax.org/books/concepts-biology/pages/6-2-the-cell-cycle"
    ],
    "How much has michael vick worth after release from prison": [
        "https://www.sportscasting.com/news/michael-vick-called-on-a-wealthy-celebrity-friend-to-help-him-get-out-of-17-6-million-worth-of-debt/",
        "https://fanbuzz.com/nfl/michael-vick-net-worth/",
        "https://www.nickiswift.com/717002/this-is-how-michael-vick-lost-all-of-his-money/",
        "https://www.grunge.com/367176/how-michael-vick-ended-up-with-no-money/",
        "https://www.sportskeeda.com/nfl/michael-vick-net-worth-and-salary",
        "https://www.celebritynetworth.com/articles/sports-news/michael-vick-just-completed-stunning-financial-debt-repayment-no-one-expected-wasnt-legally-required/",
        "https://marketrealist.com/what-is-michael-vicks-net-worth/",
        "https://www.celebritynetworth.com/richest-athletes/nfl/michael-vick-net-worth/",
        "https://clutchpoints.com/michael-vicks-net-worth-in-2021",
        "https://www.theatlantic.com/culture/archive/2020/02/30-for-30-michael-vick-redemption-espn/606241/"
    ],
    "How can you get rid of dog fleas": [
        "https://www.akc.org/expert-advice/health/how-to-get-rid-of-fleas/",
        "https://www.webmd.com/pets/remedies-for-fleas",
        "https://www.cdc.gov/fleas/section-name/index.html",
        "https://www.webmd.com/pets/remove-fleas-from-pet",
        "https://www.dogster.com/dog-health-care/how-to-get-rid-of-fleas-on-my-dog",
        "https://www.businessinsider.com/guides/pets/fleas-on-dogs",
        "https://www.dailypaws.com/dogs-puppies/health-care/canine-parasites/how-to-treat-and-prevent-dog-fleas",
        "https://www.akc.org/expert-advice/health/forcing-the-fleas-to-flee/",
        "https://www.preventivevet.com/pets/how-to-get-rid-of-fleas-in-your-home",
        "https://www.purina.com/articles/dog/health/parasites/dog-fleas"
    ],
    "This is the third largest oceans": [
        "https://www.worldatlas.com/articles/the-oceans-of-the-world-by-size.html",
        "https://earthhow.com/5-oceans/",
        "https://largest.org/nature/oceans/",
        "https://science.howstuffworks.com/environmental/earth/oceanography/how-many-oceans-are-there.htm",
        "https://oceanliteracy.unesco.org/the-largest-ocean/",
        "https://www.thoughtco.com/geography-of-the-worlds-oceans-1435193",
        "https://www.cia.gov/the-world-factbook/oceans/indian-ocean/",
        "https://www.mapsofworld.com/world-top-ten/world-top-ten-largest-oceans-and-sea-map.html",
        "https://www.cia.gov/the-world-factbook/about/archives/2021/oceans/indian-ocean/",
        "https://www.usatoday.com/story/news/2022/12/13/what-is-largest-ocean-on-earth/8191191001/"
    ],
    "What is kristen steawerts brothers name": [
        "https://tvshowstars.com/kristen-stewart-siblings/",
        "https://www.imdb.com/name/nm0829576/bio/",
        "https://bodyheightweight.com/kristen-stewart-family-and-love-life/",
        "https://ecelebritymirror.com/celebrity-siblings/kristen-stewart-siblings/",
        "https://www.famousbirthdays.com/people/cameron-stewart.html",
        "https://en.wikipedia.org/wiki/Kristen_Stewart",
        "https://people.com/all-about-kristen-stewart-parents-john-and-jules-mann-stewart-8583049",
        "https://www.imdb.com/news/ni25310608/",
        "https://starschanges.com/kristen-stewart/",
        "https://kristenstewart.fandom.com/wiki/Kristen_Stewart"
    ],
    "What type of relief is the coastal plains": [
        "https://www.nationalgeographic.org/encyclopedia/coastal-plain/",
        "https://earthathome.org/hoe/ne/topography-cp/",
        "https://sciencing.com/landforms-natural-resources-coastal-plain-8747174.html",
        "https://www.nps.gov/subjects/geology/coastal-landforms.htm",
        "https://www.sciencedirect.com/topics/agricultural-and-biological-sciences/coastal-plain",
        "https://en.wikipedia.org/wiki/Coastal_plain",
        "https://earthathome.org/hoe/se/topography-cp/",
        "https://link.springer.com/referenceworkentry/10.1007/3-540-31060-6_56",
        "https://www.britannica.com/place/Coastal-Plains-region-North-America",
        "https://www.ecologycenter.us/forest-service/coastal-plain.html"
    ],
    "What do the word anteroposterior means": [
        "https://www.merriam-webster.com/medical/anteroposterior",
        "https://medical-dictionary.thefreedictionary.com/anteroposterior",
        "https://www.answers.com/medical-terminology/What_does_anteroposterior_medical_term_mean",
        "https://www.collinsdictionary.com/dictionary/english/anteroposterior",
        "https://en.wikipedia.org/wiki/Anatomical_terms_of_location",
        "https://sciencenotes.org/anatomical-terms-of-location-anterior-vs-posterior-and-dorsal-vs-ventral/",
        "https://en.wiktionary.org/wiki/anteroposterior",
        "https://www.yourdictionary.com/anteroposterior",
        "https://www.thefreedictionary.com/anteroposterior",
        "https://www.rxlist.com/anteroposterior/definition.htm"
    ],
    "Does selena gomez have verizon wireless for her cell phone": [
        "https://graziamagazine.com/articles/selena-gomez-no-phone-three-months/",
        "https://www.youtube.com/watch?v=ii3fkqiCFAU",
        "https://popcrush.com/selena-gomez-hiatus-no-phone-quotes/",
        "https://hellogiggles.com/selena-gomez-cell-phone/",
        "https://www.usmagazine.com/celebrity-news/news/selena-gomez-i-took-90-days-off-from-my-phone-during-hiatus-w453208/",
        "https://www.etonline.com/media/videos/selena_gomez_didn_t_have_a_cellphone_during_her_time_off_it_was_the_most_rejuvenating_feeling-204028",
        "https://ca.news.yahoo.com/selena-gomez-learned-not-using-000325223.html",
        "https://www.teenvogue.com/story/selena-gomez-things-you-didnt-know",
        "https://toofab.com/2024/01/28/why-selena-gomez-has-taken-timeouts-from-social-media-over-the-years/",
        "https://www.elle.com/culture/celebrities/a39627101/selena-gomez-off-internet-bipolar-diagnosis-life-change-interview/"
    ],
    "What is winston churchills big achievements": [
        "https://winstonchurchill.org/resources/reference/churchills-chart-of-achievements/",
        "https://winstonchurchill.hillsdale.edu/timeline-1874-1977/",
        "https://www.britannica.com/biography/Winston-Churchill",
        "https://www.biography.com/political-figures/winston-churchill",
        "https://en.wikipedia.org/wiki/Winston_Churchill",
        "https://www.history.com/topics/european-history/winston-churchill",
        "https://www.britannica.com/summary/Winston-Churchill",
        "https://www.britannica.com/biography/Winston-Churchill/Military-successes-and-political-problems",
        "https://worldhistoryedu.com/6-major-achievements-of-winston-churchill/",
        "https://www.iwm.org.uk/history/how-churchill-led-britain-to-victory-in-the-second-world-war"
    ],
    "What is the value of a 1988 barbie collectible": [
        "https://www.txantiquemall.com/value-of-collectible-barbie-dolls/",
        "https://www.txantiquemall.com/holiday-barbies-worth/",
        "https://www.jacquelinestallone.com/most-valuable-holiday-barbie-dolls/",
        "https://www.jacquelinestallone.com/collectible-barbie-dolls/",
        "https://www.barbiedb.com/",
        "https://toyshnip.com/blogs/blogs/barbie-collector-price-guide",
        "https://www.valuemystuff.com/us/blog/how-to-value-barbies",
        "https://www.myvintagebarbies.com/happy-holidays-barbie.htm",
        "https://www.ebay.com/b/1988-Holiday-Barbie-Dolls-Doll-Playsets/262346/bn_95103330",
        "https://www.ebay.com/p/80139479"
    ],
    "Who does sleaner gomez love": [
        "https://www.eonline.com/news/1396799/selena-gomez-reveals-what-she-loves-most-about-boyfriend-benny-blanco",
        "https://www.distractify.com/p/who-is-selena-gomez-dating",
        "https://www.eonline.com/news/1404932/selena-gomez-and-benny-blanco-reveal-who-said-i-love-you-first-in-cute-video",
        "https://people.com/selena-gomez-shares-pda-filled-photos-with-boyfriend-benny-blanco-8631199",
        "https://www.today.com/popculture/selena-gomez-boyfriend-benny-blanco-rcna132243",
        "https://people.com/selena-gomez-benny-blanco-relationship-timeline-8424246",
        "https://www.cnn.com/2023/12/08/entertainment/selena-gomez-relationship-benny-blanco-intl-scli/index.html",
        "https://www.harpersbazaar.com/celebrity/latest/a46077602/selena-gomez-benny-blanco-relationship-timeline/",
        "https://people.com/selena-gomez-dating-benny-blanco-my-absolute-everything-8409470",
        "https://www.eonline.com/news/1402612/selena-gomez-responds-to-boyfriend-benny-blanco-revealing-he-wants-marriage-and-kids"
    ],
    "How many books selling online": [
        "https://www.statista.com/topics/1177/book-market/",
        "https://www.statista.com/topics/1474/e-books/",
        "https://smartdataweek.com/article/29-book-sales-statistics-facts-and-trends-in-2023",
        "https://www.forbes.com/advisor/business/how-to-sell-books-online/",
        "https://worldmetrics.org/amazon-book-sales-statistics/",
        "https://scanse.io/blog/ebooks-vs-printed-books-statistics-sales-trends/",
        "https://www.statista.com/statistics/191992/sales-of-e-books-in-the-us-since-2006/",
        "https://wordsrated.com/book-sales-statistics/",
        "https://www.enterpriseappstoday.com/stats/ebooks-statistics.html",
        "https://www.zippia.com/advice/us-book-industry-statistics/"
    ],
    "How much anderson shelters cost in ww2": [
        "https://historyforkids.org/anderson-shelter-facts-and-information/",
        "https://andersonshelters.org.uk/a-history-of-the-anderson-shelter/",
        "https://www.amusingplanet.com/2021/01/anderson-shelters-backyard-bunkers-that.html",
        "https://andersonshelters.org.uk/",
        "https://primaryfacts.com/504/world-war-2-air-raid-shelters-facts-and-information/",
        "https://www.bbc.co.uk/history/ww2peopleswar/stories/62/a3953162.shtml",
        "https://www.bbc.co.uk/history/ww2peopleswar/stories/14/a6661514.shtml",
        "https://spartacus-educational.com/2WWandersonshelter.htm",
        "https://ww2db.com/weapon.php?q=368",
        "https://www.military-history.org/feature/air-raid-shelters.htm"
    ],
    "What is an exzmple of soliloquy": [
        "https://literarydevices.net/soliloquy/",
        "https://smartblogger.com/soliloquy-examples/",
        "https://literaryterms.net/soliloquy/",
        "https://www.thoughtco.com/soliloquy-literary-definition-4169546",
        "https://literarydevices.com/soliloquy/",
        "https://www.masterclass.com/articles/poetry-101-what-is-a-soliloquy-learn-the-difference-between-soliloquy-monologue-and-an-aside-with-examples",
        "https://www.yourdictionary.com/articles/examples-soliloquy-purpose-drama",
        "https://www.poetryfoundation.org/education/glossary/soliloquy",
        "https://writingexplained.org/grammar-dictionary/soliloquy",
        "https://www.britannica.com/art/soliloquy"
    ],
    "Who invented first electirc stove and when": [
        "https://www.cbsnews.com/news/almanac-the-first-electric-stove/",
        "https://housegrail.com/who-invented-the-kitchen-stove-and-when/",
        "https://en.wikipedia.org/wiki/Lloyd_Groff_Copeman",
        "https://www.youtube.com/watch?v=ZCYGarXcFt0",
        "https://www.chefsresource.com/who-invented-the-electric-stove/",
        "https://www.thoughtco.com/history-of-the-oven-from-cast-iron-to-electric-1992212",
        "https://edunovations.com/currentaffairs/international/william-hadaway-and-the-invention-of-the-electric-stove-tove-discover-the-history-of-the-electric-stove-invented-by-william-hadaway-in-1896/",
        "https://nationalmaglab.org/magnet-academy/history-of-electricity-magnetism/museum/electric-range-1892/",
        "https://www.thoughtco.com/history-of-kitchen-appliance-inventions-1992036",
        "https://www.inventorsdigest.com/articles/lloyd-copeman-forgotten-genius/"
    ],
    "What kind of cells make electricity from light": [
        "https://www.energy.gov/eere/solar/solar-photovoltaic-cell-basics",
        "https://www.energysage.com/solar/solar-photovoltaic-cells/",
        "https://www.explainthatstuff.com/how-photoelectric-cells-work.html",
        "https://www.energy.gov/eere/solar/articles/pv-cells-101-primer-solar-photovoltaic-cell",
        "https://science.howstuffworks.com/environmental/energy/solar-cell.htm",
        "https://www.explainthatstuff.com/solarcells.html",
        "https://www.britannica.com/technology/solar-cell",
        "https://www.science.org.au/curious/technology-future/solar-pv",
        "https://www.nrel.gov/research/re-photovoltaics.html",
        "https://www.azooptics.com/article.aspx?ArticleID=75"
    ],
    "Advantages and disadvantages of a bank": [
        "https://www.forbes.com/advisor/banking/online-banks-vs-traditional-banks/",
        "https://www.nerdwallet.com/article/banking/pros-cons-online-only-banking",
        "https://www.usnews.com/banking/articles/pros-and-cons-of-online-banking",
        "https://www.investopedia.com/articles/pf/11/benefits-and-drawbacks-of-internet-banks.asp",
        "https://wise.com/us/blog/online-banking-advantages",
        "https://www.capitalone.com/bank/money-management/banking-basics/benefits-of-checking-accounts/",
        "https://smartasset.com/checking-account/online-vs-traditional-banks-which-is-better",
        "https://www.fool.com/the-ascent/banks/articles/the-biggest-pros-and-cons-of-online-banks/",
        "https://www.thebalancemoney.com/types-of-bank-accounts-315458",
        "https://www.financestrategists.com/banking/bank-account/bank-account-benefits/"
    ],
    "What is the difference between an electrician and an electrical engineer": [
        "https://www.indeed.com/career-advice/finding-a-job/electrician-vs-electrical-engineer",
        "https://www.indeed.com/career-advice/finding-a-job/electrical-engineering-vs-electrician",
        "https://electronicshacks.com/electrician-vs-electrical-engineer/",
        "https://www.buildstream.co/blog/electrical-engineer-vs-electrician-what-are-the-key-differences",
        "https://www.newscientist.com/nsj/article/electrical-engineer-vs-electrician",
        "https://saganelectric.com/blog/electrician-vs-electrical-engineer-differences-explained/",
        "https://ca.indeed.com/career-advice/finding-a-job/electrician-vs-electrical-engineer",
        "https://controltap.com/article/electricians-vs-electrical-engineers-key-differences-and-career-paths/",
        "https://electriciandenver.com/blog/comparing-electricians-and-electrical-engineers-roles-and-responsibilities",
        "https://careers.alot.com/career-paths/electrician-vs-electrical-engineer-whats-the-difference--9072"
    ],
    "What is the sequence to obtain a DNA fingerprint": [
        "https://www.britannica.com/science/DNA-fingerprinting",
        "https://biologydictionary.net/dna-fingerprinting/",
        "https://www.webmd.com/a-to-z-guides/dna-fingerprinting-overview",
        "https://microbeonline.com/dna-fingerprinting/",
        "https://sciencevivid.com/dna-fingerprinting/",
        "https://le.ac.uk/dna-fingerprinting/explained",
        "https://bio.libretexts.org/Bookshelves/Microbiology/Microbiology_Laboratory_Manual_(Hartline)/01%3A_Labs/1.32%3A_DNA_Fingerprinting",
        "https://science.howstuffworks.com/dna-profiling.htm",
        "https://www.genome.gov/genetics-glossary/DNA-Fingerprinting",
        "https://www.thoughtco.com/what-is-dna-fingerprinting-and-how-is-it-used-375554"
    ],
    "Where is nadia comasneci 's academy the perfect ten": [
        "https://www.youtube.com/watch?v=adlaLvSYjs8",
        "https://olympics.com/en/news/snapped-reflections-and-revelations-on-comaneci-s-perfect-10",
        "https://www.usatoday.com/story/sports/olympics/rio-2016/2016/07/20/10-gymnast-nadia-comaneci-olympics-montreal/87357146/",
        "https://www.bustle.com/articles/177062-where-is-nadia-comaneci-now-life-since-the-olympic-gymnasts-historic-perfect-10-has-been-full",
        "https://www.youtube.com/watch?v=Yi_5xbd5xdE",
        "https://www.usatoday.com/story/sports/olympics/2020/08/08/in-1976-comanecis-perfect-10s-made-her-the-perfect-one/42194087/",
        "https://www.washingtonpost.com/sports/olympics/in-1976-comanecis-perfect-10s-made-her-the-perfect-one/2020/08/08/270df474-d988-11ea-a788-2ce86ce81129_story.html",
        "https://www.history.com/this-day-in-history/nadia-comaneci-first-perfect-10-gymnastics-montreal-olympics",
        "https://www.biography.com/athletes/nadia-comaneci",
        "https://www.cnn.com/2012/04/03/sport/olympics-nadia-comaneci/index.html"
    ],
    "One pound of confectioners sugar equals how many ounces": [
        "https://www.traditionaloven.com/culinary-arts/sugars/confectioners-sugar/convert-pound-lb-confectioner-sugar-to-ounce-oz-confectioner-sugar.html",
        "https://www.bhg.com/recipes/how-to/bake/cups-in-one-pound-powdered-sugar/",
        "https://www.traditionaloven.com/conversions_of_measures/sugar_amounts.html",
        "https://bakeitwithlove.com/cups-in-a-box-of-powdered-sugar/",
        "https://coolconversion.com/cooking-weight-volume/1~lb~of~confectioner%C2%B4s+sugar~to~cup",
        "https://www.nfreads.com/how-many-ounces-is-in-a-box-of-powdered-sugar/",
        "https://www.bakinglikeachef.com/baking-ingredient-conversions/",
        "https://www.inchcalculator.com/convert/pound-sugar-to-ounce-sugar/",
        "https://www.chefsresource.com/how-many-cups-is-1-lb-of-confectioners-sugar/",
        "https://www.chefsresource.com/how-many-cups-is-one-pound-of-confectioners-sugar/"
    ],
    "What skills are needed to become a surgeon to be successful": [
        "https://www.indeed.com/career-advice/finding-a-job/reasons-to-become-surgeon",
        "https://www.sgu.edu/blog/medical/essential-qualities-for-becoming-a-surgeon/",
        "https://www.forbes.com/advisor/education/healthcare/become-a-surgeon/",
        "https://www.rcseng.ac.uk/careers-in-surgery/careers-support/skills-and-qualities-of-a-surgeon/",
        "https://www.indeed.com/career-advice/finding-a-job/skills-of-a-surgeon",
        "https://www.facs.org/for-medical-professionals/education/programs/so-you-want-to-be-a-surgeon/",
        "https://www.indeed.com/career-advice/career-development/how-to-become-surgeon",
        "https://www.verywellhealth.com/how-to-become-a-doctor-or-a-surgeon-3157309",
        "https://www.careerexplorer.com/careers/surgeon/how-to-become/",
        "https://www.bestcolleges.com/healthcare/careers/how-to-become-a-surgeon/"
    ],
    "How much does a 1996 chevy lumina weigh": [
        "https://www.edmunds.com/chevrolet/lumina/1996/features-specs/",
        "https://www.kbb.com/chevrolet/lumina/1996/specs/",
        "https://www.automobile-catalog.com/make/chevrolet_usa/lumina_2gen/lumina_2gen_sedan/1996.html",
        "https://en.wikipedia.org/wiki/Chevrolet_Lumina",
        "https://www.carfolio.com/chevrolet-lumina-sedan-171732",
        "https://www.edmunds.com/chevrolet/lumina/1996/sedan/st-17335/features-specs/",
        "https://www.carfolio.com/chevrolet-lumina-sedan-ls-205667",
        "https://www.edmunds.com/chevrolet/lumina/1996/st-17335/features-specs/",
        "https://www.cars.com/research/chevrolet-lumina-1996/",
        "https://www.carsdirect.com/1996/chevrolet/lumina"
    ],
    "The precipitaion of a cougar": [
        "https://en.wikipedia.org/wiki/Cougar",
        "https://www.forestwildlife.org/how-does-a-cougar-adapt-to-its-environment/",
        "https://animalia.bio/north-american-cougar",
        "https://www.earth.com/news/national-cougar-day-the-crucial-ecological-role-of-cougars/",
        "https://www.nationalgeographic.com/animals/mammals/facts/cougar",
        "https://mountainlion.org/cougars-and-climate/",
        "https://www.exposedwildlifeconservancy.org/knowledge-base/cougars",
        "https://www.exposedwildlifeconservancy.org/chapter/1-what-are-cougars",
        "https://www.fws.gov/species/eastern-cougar-puma-concolor-couguar",
        "https://animalsake.com/cougar-mountain-lion-habitat"
    ],
    "What are the Functions of proteins to the body": [
        "https://www.verywellhealth.com/what-does-protein-do-8419502",
        "https://bio.libretexts.org/Bookshelves/Introductory_and_General_Biology/General_Biology_(Boundless)/03%3A_Biological_Macromolecules/3.07%3A_Proteins_-_Types_and_Functions_of_Proteins",
        "https://www.verywellhealth.com/what-is-a-protein-5076292",
        "https://medlineplus.gov/genetics/understanding/howgeneswork/protein/",
        "https://med.libretexts.org/Courses/Metropolitan_State_University_of_Denver/Introduction_to_Nutrition_(Diker)/06%3A_Proteins/6.05%3A_Proteins_Functions_in_the_Body",
        "https://www.medicalnewstoday.com/articles/310118",
        "https://www.nature.com/scitable/topicpage/protein-function-14123348/",
        "https://pressbooks.oer.hawaii.edu/humannutrition2e22/chapter/6-proteins-functions-in-the-body/",
        "https://med.libretexts.org/Courses/Diablo_Valley_College/Intro_to_Nutrition_Text/06%3A_Proteins",
        "https://www.medicalnewstoday.com/articles/196279"
    ],
    "How much did the vietnam war cost per day": [
        "https://www.usatoday.com/story/money/2019/06/13/cost-of-war-13-most-expensive-wars-in-us-history/39556983/",
        "https://alphahistory.com/vietnamwar/costs-of-the-vietnam-war/",
        "https://totalmilitaryinsight.com/vietnam-war-and-economic-costs/",
        "https://www.statista.com/statistics/1333806/us-military-expenditure-vietnam-war/",
        "https://www.statista.com/topics/10008/us-war-in-vietnam/",
        "https://www.history.com/topics/vietnam-war/vietnam-war-history",
        "https://www.history.navy.mil/research/library/online-reading-room/title-list-alphabetically/c/costs-major-us-wars.html",
        "https://thevietnamwar.info/how-much-vietnam-war-cost/",
        "https://foreignpolicy.com/2011/01/12/the-vietnam-war-explained-as-never-before-in-hard-numbers-and-good-facts-2/",
        "https://www.thecollector.com/vietnam-war-economic-effects/"
    ],
    "Largest living life on earth": [
        "https://www.newscientist.com/gallery/biggest-organisms/",
        "https://www.deseret.com/utah/2021/8/15/22609608/worlds-largest-and-possibly-oldest-living-organism-resides-in-utah-aspens/",
        "https://www.discovermagazine.com/planet-earth/5-of-the-biggest-animals-to-ever-live-on-earth",
        "https://www.treehugger.com/largest-living-things-organisms-planet-4859216",
        "https://www.discovery.com/nature/the-largest-living-thing-on-earth-is-a-3-5-square-mile-fungus",
        "https://www.scientificamerican.com/article/strange-but-true-largest-organism-is-fungus/",
        "https://www.thoughtco.com/biggest-living-things-on-earth-4070240",
        "https://www.worldatlas.com/articles/what-is-the-largest-living-thing-in-the-world.html",
        "https://www.atlasobscura.com/articles/largest-organism-humongous-fungus",
        "https://www.theatlantic.com/science/archive/2017/10/humongous-fungus-genome/544265/"
    ],
    "The twinkling of stars is caused by": [
        "https://starchild.gsfc.nasa.gov/docs/StarChild/questions/question26.html",
        "https://www.livescience.com/32315-why-do-stars-twinkle.html",
        "https://skyandtelescope.org/astronomy-resources/why-do-stars-twinkle/",
        "https://www.youtube.com/watch?v=73c_0ZAqSU0",
        "https://en.wikipedia.org/wiki/Twinkling",
        "https://www.scientificamerican.com/article/why-do-stars-twinkle/",
        "https://www.zmescience.com/feature-post/space-astronomy/astronomy-articles/why-stars-twinkle-10112021/",
        "https://starwalk.space/en/news/why-do-stars-twinkle",
        "https://coolcosmos.ipac.caltech.edu/ask/210-Why-do-the-stars-twinkle-",
        "https://record.umich.edu/articles/mystery-of-twinkling-stars-explained/"
    ],
    "What kind of music is listened toin costa rica": [
        "https://costarica.org/people/music/",
        "https://explorecostarica.org/traditional-music-and-dance-a-cultural/",
        "https://www.costarica.com/culture/costa-rican-music",
        "https://www.thenosaracurrent.com/post/music-is-the-heartbeat-of-costa-rica-a-country-with-a-rich-tapestry-of-musical-history-and-styles",
        "https://www.donquijote.org/costarican-culture/traditions/music/",
        "https://thecostaricanews.com/the-magic-and-cultural-diversity-of-costa-rican-music/",
        "https://www.01centralamerica.com/costa-rica/music-from-costa-rica/",
        "https://www.saexpeditions.com/blog/post/fiesta-the-captivating-music-and-dance-of-costa-rica",
        "https://thecostaricanews.com/vital-essence-culture-of-costa-rica/",
        "https://worldmusiccentral.org/world-music-resources/musician-biographies/costa-rican-music/"
    ],
    "Width of a football field in yards": [
        "https://athlonsports.com/college-football/how-long-football-field",
        "https://en.wikipedia.org/wiki/American_football_field",
        "https://www.dimensions.com/element/american-football-field",
        "https://www.rookieroad.com/how-many-yards-wide-is-a-football-field-3003022/",
        "https://www.stack.com/a/the-dimensions-of-a-football-field/",
        "https://americansportsplanet.com/dimensions-of-a-football-field-all-you-need-to-know/",
        "https://huffsports.com/how-long-is-a-football-field/",
        "https://www.rookieroad.com/dimensions-of-an-american-football-field-7743625/",
        "https://www.networldsports.com/buyers-guides/football-field-dimensions-guide",
        "https://denversportsradio.com/understanding-the-football-field-dimensions-and-markings/"
    ],
    "What is revolution of the sun": [
        "https://www.britannica.com/video/151528/Earth-rotation-axis-revolution-Sun",
        "https://en.wikipedia.org/wiki/Earth%27s_orbit",
        "https://www.albert.io/blog/earths-rotation-and-revolution/",
        "https://www.thoughtco.com/revolution-geography-definition-1434848",
        "https://k12.libretexts.org/Bookshelves/Science_and_Technology/Earth_Science/03%3A_Planet_Earth/3.05%3A_Earth's_Revolutions",
        "http://www.physicalgeography.net/fundamentals/6h.html",
        "https://www.astronomy.ohio-state.edu/pogge.1/Ast161/Unit4/movearth.html",
        "https://geo.libretexts.org/Courses/Lumen_Learning/Book%3A_Physical_Geography_(Lumen)/04%3A_Planet_Earth/4.03%3A_Earths_Motions",
        "https://www.thoughtco.com/rotation-and-revolution-definition-astronomy-3072287",
        "https://science.nasa.gov/learn/basics-of-space-flight/chapter2-1/"
    ],
    "How do snakes adapt to there enviornment": [
        "https://zoonerdy.com/how-do-snakes-adapt-to-their-environment/",
        "https://faunafacts.com/snakes/snake-adaptations/",
        "https://zoonerdy.com/what-adaptations-do-snakes-have-to-survive-in-their-environment-2/",
        "https://mysnakepet.com/snake-adaptations/",
        "https://www.scientificamerican.com/article/an-evolutionary-big-bang-explains-why-snakes-come-in-so-many-strange-varieties/",
        "https://www.reptileknowledge.com/reptile-pedia/what-are-3-physical-adaptations-of-a-snake",
        "https://www.snakesforpets.com/how-do-snakes-adapt-to-the-desert/",
        "https://sciencing.com/snakes-adapt-forest-8701682.html",
        "http://www.primaryhomeworkhelp.co.uk/adaptations/snakes.htm",
        "https://snakesnuggles.com/how-do-snakes-breathe/"
    ],
    "Lil wayne 's favorite type of movie": [
        "https://www.ranker.com/list/best-lil-wayne-movies-list-of-lil-wayne-films/reference",
        "https://www.reeditionmagazine.com/to-the-minute/the-best-lil-wayne-movies-a-comprehensive-guide-to-his-cinematic-contributions",
        "https://www.tvguide.com/celebrities/lil-wayne/credits/3030057363/",
        "https://en.wikipedia.org/wiki/Lil_Wayne",
        "https://www.lilwaynehq.com/filmography/",
        "https://www.rottentomatoes.com/celebrity/1135309-lil_wayne",
        "https://en.wikipedia.org/wiki/The_Carter",
        "https://www.themoviedb.org/person/95353-lil-wayne",
        "https://www.imdb.com/filmosearch/?sort=year&role=nm1211443",
        "https://ilianahughes.medium.com/lil-wayne-movies-listed-in-order-36d26bf70905"
    ],
    "Where to get legendary pokemon on tppcrpg": [
        "https://wiki.tppc.info/Legendary_Pok%C3%A9mon",
        "https://forums.tppc.info/showthread.php?t=149516",
        "https://tpkrpg.net/forums/view_thread.php?id=4034",
        "https://wiki.pokerogue.net/guides:legendary_locations_guide",
        "https://bulbapedia.bulbagarden.net/wiki/TPPC",
        "https://wiki.tppc.info/Training_Accounts",
        "https://www.reddit.com/r/PokemonGoSpoofing/comments/ehdcp0/mega_list_all_the_coords_youll_ever_need/",
        "https://www.tppcrpg.net/",
        "https://forums.tppc.info/",
        "https://www.reddit.com/r/tppcrpg/"
    ],
    "What is moon jelly a radial or bilateral": [
        "https://www.marinelab.org/marinelab-blog/toqh7dbyqv3c5i9ci92f00elcstifb",
        "https://www.americanoceans.org/species/moon-jelly/",
        "https://indianapublicmedia.org/amomentofscience/the-radical-radial-summetry-of-moon-jellyfish.php",
        "https://themoonjellyfish.weebly.com/anatomy.html",
        "https://en.wikipedia.org/wiki/Aurelia_aurita",
        "https://animaldiversity.org/accounts/Aurelia_aurita/",
        "https://sta.uwi.edu/fst/lifesciences/sites/default/files/lifesciences/images/Aurelia%20aurita%20-%20Moon%20Jellyfish.pdf",
        "https://www.theatlantic.com/technology/archive/2015/06/jellyfish-regenerate-stay-symmetrical/396029/",
        "https://www.montereybayaquarium.org/animals/animals-a-to-z/moon-jelly",
        "https://www.pbs.org/wgbh/nova/article/the-strength-of-moon-jellies-muscles-help-them-perpetually-self-heal/"
    ],
    "Does she love corbin blu": [
        "https://people.com/celebrity/corbin-bleu-and-sasha-clements-are-married/",
        "https://www.etonline.com/news/193996_corbin_bleu_marries_longtime_love_sasha_clements",
        "https://people.com/corbin-bleu-shares-favorite-wedding-memory-with-sasha-clements-exclusive-8648881",
        "https://news.amomama.com/211644-corbin-bleu-is-happily-married-sasha-cle.html",
        "https://culturess.com/2021/07/31/interview-hallmark-channel-corbin-bleu-love-for-real/",
        "https://www.yahoo.com/entertainment/corbin-bleu-married-high-school-042512563.html",
        "https://www.eonline.com/news/1354229/see-the-moment-corbin-bleu-met-future-wife-sasha-in-the-grocery-store",
        "https://www.yahoo.com/entertainment/high-school-musical-actor-corbin-153210134.html",
        "https://www.sportskeeda.com/pop-culture/who-corbin-bleu-married-to-high-school-musical-star-monique-coleman-opens-former-s-emotional-support",
        "https://www.thesun.co.uk/tvandshowbiz/celebrities/16981954/who-is-corbin-bleu-married-to/"
    ],
    "What is grammatical cohesion": [
        "https://academicmarker.com/academic-guidance/vocabulary/cohesive-devices/what-are-the-four-types-of-grammatical-cohesion/",
        "https://en.wikipedia.org/wiki/Cohesion_(linguistics)",
        "https://aeo.sllf.qmul.ac.uk/writing/cohesion-and-coherence/",
        "https://study.com/academy/lesson/elements-of-cohesion-in-writing.html",
        "https://eltconcourse.com/training/initial/grammar_essentials/cohesion_essentials.html",
        "https://www.myenglishpages.com/writing-cohesion-and-coherence-in-essays/",
        "https://americanenglish.state.gov/files/ae/resource_files/etf_55_4_02-13_-_title__improving_cohesion_in_l2_writing__a_three-strand_approach_to_building_lexical_cohesion__0.pdf",
        "https://www.eslfluency.com/language-skills/writing/cohesion-and-coherence/5856/",
        "https://www.academia.edu/2344329/Grammatical_and_Lexical_Cohesion",
        "https://www.teachingenglish.org.uk/professional-development/teachers/knowing-subject/c/cohesion"
    ],
    "What family does a lizard come from": [
        "https://www.britannica.com/animal/lizard",
        "https://en.wikipedia.org/wiki/Lizard",
        "https://reptileradiance.com/what-are-the-7-levels-of-classification-for-lizards/",
        "https://www.reptileknowledge.com/reptile-pedia/what-animal-did-lizards-evolve-from",
        "https://www.britannica.com/animal/lizard/Annotated-classification",
        "https://www.britannica.com/animal/lizard/Natural-history",
        "https://animalcorner.org/animals/lizards/",
        "https://a-z-animals.com/animals/lizard/",
        "https://www.livescience.com/56017-lizard-facts.html",
        "https://dinoanimals.com/animals/lizards/"
    ],
    "How much do event planners make yearly": [
        "https://www.payscale.com/research/US/Job=Event_Planner/Salary",
        "https://www.indeed.com/career-advice/pay-salary/how-much-do-event-planners-make",
        "https://www.qceventplanning.com/blog/2022/04/the-10-most-profitable-careers-in-event-planning",
        "https://www.glassdoor.com/Salaries/event-planner-salary-SRCH_KO0,13.htm",
        "https://www.careerexplorer.com/careers/event-planner/salary/",
        "https://www.glassdoor.com/Salaries/events-planner-salary-SRCH_KO0,14.htm",
        "https://www.indeed.com/career/event-planner/salaries",
        "https://www.salary.com/research/salary/recruiting/event-planner-salary",
        "https://www.glassdoor.com/Salaries/of-event-planner-salary-SRCH_KO0,16.htm",
        "https://builtin.com/salaries/marketing/event-planner"
    ],
    "What did the person that invented the first motor bike look like": [
        "https://www.thevintagenews.com/2016/03/20/first-motorcycle-built-1885-called-reitwagen-riding-car/",
        "https://www.thoughtco.com/history-of-the-motorcycle-1992151",
        "http://www.bicyclehistory.net/motorcycle-history/first-motorcycle/",
        "https://en.wikipedia.org/wiki/History_of_the_motorcycle",
        "https://www.topspeed.com/motorcycles/motorcycle-news/who-invented-motorcycles-the-story-of-the-first-motorcycle/",
        "https://www.discoverwalks.com/blog/world/who-invented-the-motorcycle-key-facts-and-dates/",
        "https://transportationhistory.org/2021/05/10/a-first-of-a-kind-motorcycle-makes-is-introduced-on-a-steep-hill/",
        "https://www.wired.com/2011/08/0830daimler-first-true-motorcycle/",
        "https://www.visordown.com/features/general/who-invented-motorcycle",
        "https://www.mentalfloss.com/article/25196/early-history-bicycles-and-motorbikes"
    ],
    "What are some cloven hooved animals": [
        "https://animalofthings.com/animals-with-cloven-hooves/",
        "https://a-z-animals.com/reference/cloven-hoofed/",
        "https://wildlifeboss.com/animals-with-cloven-hooves/",
        "https://a-z-animals.com/blog/hoofed-animals/",
        "https://www.hummingbirdsplus.org/nature-blog-network/the-unique-adaptations-of-cloven-hoofed-animals/",
        "https://wildexplained.com/blog/animals-with-hooves/",
        "https://animalsresearch.com/cloven-hoofed-animals/",
        "https://vetexplainspets.com/animals-with-divided-hoof-and-that-chews-the-cud/",
        "https://www.thoughtco.com/even-toed-hoofed-mammals-130019",
        "https://en.wikipedia.org/wiki/Ungulate"
    ],
    "1963 five dollar bill with red serial numbers": [
        "https://oldcurrencyvalues.com/1963_five_dollar_bills/",
        "https://oldcurrencyvalues.com/red_seal_five_dollar_bills/",
        "https://www.coinvaluechecker.com/how-much-is-1963-5-dollar-bill-worth/",
        "https://www.33rdsquare.com/1963-5-dollar-bill-value/",
        "https://www.historytools.org/collectible/1963-5-dollar-bill-value",
        "https://www.papermoneywanted.com/1963-five-dollar-legal-tender-or-united-states-notes",
        "https://www.coinvaluelookup.com/how-much-is-a-1963-5-bill-worth/",
        "https://errorcoins.org/1963-5-dollar-bill-value-a-mint-mark/",
        "https://www.uscurrencyauctions.com/$5-us-currency-value-price-guide.html",
        "https://en.numista.com/catalogue/note201830.html"
    ],
    "How do you get rid of acene fast": [
        "https://www.wikihow.com/Get-Rid-of-Acne-Fast",
        "https://www.glamour.com/story/how-to-get-rid-of-a-pimple",
        "https://www.healthline.com/nutrition/13-acne-remedies",
        "https://health.clevelandclinic.org/a-dermatologists-advice-on-how-to-get-rid-of-a-pimple",
        "https://www.goodhousekeeping.com/beauty/anti-aging/a36395/how-to-quickly-get-rid-of-pimples/",
        "https://www.healthline.com/nutrition/get-rid-of-pimples-fast",
        "https://www.medicalnewstoday.com/articles/322455",
        "https://www.byrdie.com/acne-treatments-7973185",
        "https://www.mayoclinic.org/diseases-conditions/acne/diagnosis-treatment/drc-20368048",
        "https://www.verywellhealth.com/how-to-get-rid-of-pimples-7853364"
    ],
    "What is a moderately slow oven": [
        "https://www.womensweeklyfood.com.au/foodie-facts/oven-temperature-conversions-1314/",
        "https://recipes.net/articles/oven-temperature-conversion/",
        "https://en.wikipedia.org/wiki/Oven_temperatures",
        "https://www.homemade-dessert-recipes.com/oven-temperature-guide.html",
        "https://www.chefsresource.com/what-temperature-is-a-moderate-oven/",
        "https://www.apronfreecooking.com/hints-and-tips/oven-temperature-chart/",
        "https://www.chefsresource.com/what-is-the-temperature-of-a-moderate-oven/",
        "https://recipegoldmine.com/kitchart/oven-temperature-conversion.html",
        "https://www.thecalculatorsite.com/cooking/oven-temperatures.php",
        "https://www.bakinglikeachef.com/oven-temperature-conversion-chart/"
    ],
    "Are Lea and cory dating": [
        "https://www.thelist.com/952614/the-truth-about-cory-monteiths-relationship-with-lea-michele/",
        "https://www.nickiswift.com/672718/the-truth-about-lea-michele-and-cory-monteiths-relationship/",
        "https://www.eonline.com/news/1391868/glees-kevin-mchale-reveals-surprising-way-he-learned-lea-michele-cory-monteith-were-dating-irl",
        "https://people.com/celebrity/cory-monteith-and-lea-michele-were-they-engaged/",
        "https://www.buzzfeed.com/ashleyperez/a-timeline-of-cory-monteith-and-lea-micheles-relationship",
        "https://www.j-14.com/posts/cory-monteith-and-lea-michele-complete-relationship-timeline/",
        "https://www.eonline.com/news/1361520/cory-monteiths-friend-reflects-on-glee-stars-relationship-with-lea-michele",
        "https://www.lifeandstylemag.com/posts/lea-michele-and-cory-monteiths-relationship-timeline-started-on-glee/",
        "https://www.thelist.com/stories/the-truth-about-cory-monteiths-relationship-with-lea-michele/",
        "https://www.youtube.com/watch?v=MWqfXvC6rEE"
    ],
    "What are some commensasm relationships": [
        "https://wildlifeinformer.com/examples-of-commensalism-relationships/",
        "https://www.thoughtco.com/commensalism-definition-and-examples-4114713",
        "https://www.worldatlas.com/animals/10-examples-of-commensalism-in-nature.html",
        "https://www.britannica.com/science/commensalism",
        "https://www.sciencefacts.net/commensalism.html",
        "https://biologydictionary.net/commensalism/",
        "https://sciencenotes.org/commensalism-definition-and-examples/",
        "https://sciencing.com/commensalism-definition-types-facts-examples-13719235.html",
        "https://en.wikipedia.org/wiki/Commensalism",
        "https://www.biologyonline.com/dictionary/commensalism"
    ],
    "Where are the Black Hills located": [
        "https://www.britannica.com/place/Black-Hills",
        "https://en.wikipedia.org/wiki/Black_Hills",
        "https://www.blackhillsbadlands.com/",
        "https://www.blackhillsbadlands.com/maps",
        "https://www.worldatlas.com/mountains/black-hills-south-dakota.html",
        "https://morethanjustparks.com/black-hills-national-forest/",
        "https://www.fs.usda.gov/blackhills",
        "https://www.fs.usda.gov/main/blackhills/about-forest",
        "https://www.travelsouthdakota.com/trip-ideas/story/14-surprising-facts-about-south-dakotas-black-hills-and-badlands",
        "https://www.visittheusa.com/destination/black-hills"
    ],
    "What caused worldwide economic crisis": [
        "https://www.britannica.com/money/financial-crisis-of-2007-2008",
        "https://www.investopedia.com/terms/g/great-recession.asp",
        "https://en.wikipedia.org/wiki/2007%E2%80%932008_financial_crisis",
        "https://www.investopedia.com/articles/economics/09/financial-crisis-review.asp",
        "https://www.statista.com/topics/10195/the-global-financial-crisis/",
        "https://www.history.com/topics/21st-century/recession",
        "https://www.thebalancemoney.com/what-caused-2008-global-financial-crisis-3306176",
        "https://www.pbs.org/newshour/show/how-the-2008-financial-crisis-crashed-the-economy-and-changed-the-world",
        "https://www.worldbank.org/en/publication/wdr2022/brief/chapter-1-introduction-the-economic-impacts-of-the-covid-19-crisis",
        "https://www.worldbank.org/en/news/feature/2020/06/08/the-global-economic-outlook-during-the-covid-19-pandemic-a-changed-world"
    ],
    "Where does a snowstorm less likely happen": [
        "https://www.reference.com/science-technology/snow-storms-occur-a77d22260a02de6c",
        "https://nsidc.org/learn/parts-cryosphere/snow/science-snow",
        "https://scied.ucar.edu/learning-zone/storms/winter-storms",
        "https://en.wikipedia.org/wiki/Winter_storm",
        "https://www.worldatlas.com/articles/where-are-blizzards-most-likely-to-occur.html",
        "https://www.nationalgeographic.org/article/maybe-its-cold-outside/",
        "https://weather.com/storms/winter/news/2022-12-07-snow-forecast-what-you-should-know",
        "https://kids.nationalgeographic.com/science/article/blizzards",
        "https://www.discovermagazine.com/planet-earth/how-winter-storms-become-blizzards",
        "https://nsidc.org/learn/parts-cryosphere/snow/why-snow-matters"
    ],
    "Class action lawsuit": [
        "https://www.classaction.org/list-of-lawsuits",
        "https://topclassactions.com/category/lawsuit-settlements/open-lawsuit-settlements/",
        "https://www.classaction.org/",
        "https://www.classaction.com/",
        "https://www.classaction.org/settlements",
        "https://www.openclassactions.com/",
        "https://www.classaction.com/lawsuits/",
        "https://www.forbes.com/advisor/legal/personal-injury/how-start-class-action-lawsuit/",
        "https://www.lawfirm.com/terms/class-action-lawsuit/",
        "https://www.usatoday.com/story/money/2024/09/16/23andme-class-action-lawsuit-settlement/75250132007/"
    ],
    "Stratified random sampling": [
        "https://www.simplypsychology.org/stratified-random-sampling.html",
        "https://www.investopedia.com/terms/stratified_random_sampling.asp",
        "https://researchmethod.net/stratified-sampling/",
        "https://statisticsbyjim.com/basics/stratified-sampling/",
        "https://en.wikipedia.org/wiki/Stratified_sampling",
        "https://www.scribbr.co.uk/research-methods/stratified-sampling-method/",
        "https://www.qualtrics.com/experience-management/research/stratified-random-sampling/",
        "https://cales.arizona.edu/classes/rnr321/Ch4.pdf",
        "https://dovetail.com/research/stratified-sampling/",
        "https://en.wikipedia.org/wiki/Stratified_randomization"
    ],
    "Number of quarters in a roll": [
        "https://www.thesprucecrafts.com/number-of-coins-in-roll-768862",
        "https://learn.apmex.com/answers/how-many-coins-are-in-a-standard-u-s-roll/",
        "https://www.uscoinsvalue.com/how-many-quarters-in-a-roll/",
        "https://www.33rdsquare.com/how-many-quarters-in-a-roll/",
        "https://coins.thefuntimesguide.com/coin-rolls/",
        "https://cointrackers.com/blog/39/how-many-coins-are-in-a-roll/",
        "https://www.supermoney.com/how-much-is-roll-of-quarters",
        "https://sdbullion.com/blog/how-many-quarters-in-a-roll",
        "https://outsidethebadge.com/how-many-quarters-in-a-roll/",
        "https://moneywise.com/banking/banking-basics/how-to-roll-coins"
    ],
    "Who was in spains first government": [
        "https://en.wikipedia.org/wiki/History_of_Spain",
        "https://en.wikipedia.org/wiki/List_of_heads_of_state_of_Spain",
        "https://en.wikipedia.org/wiki/First_Spanish_Republic",
        "https://www.britannica.com/place/Spain/History",
        "https://www.worldhistory.org/article/2017/colonial-government-in-the-spanish-empire/",
        "https://assets.cambridge.org/97805218/43331/excerpt/9780521843331_excerpt.pdf",
        "https://www.britannica.com/place/Spain",
        "https://casareal.es/EN/MonarquiaHistoria/Paginas/historia-monarquia.aspx",
        "https://www.havefunwithhistory.com/facts-about-spains-government/",
        "https://www.bbc.com/news/world-europe-17955805"
    ],
    "What si social darwinism": [
        "https://www.britannica.com/topic/social-Darwinism",
        "https://www.history.com/topics/early-20th-century-us/social-darwinism",
        "https://en.wikipedia.org/wiki/Social_Darwinism",
        "https://www.simplypsychology.org/social-darwinism.html",
        "https://www.encyclopedia.com/history/united-states-and-canada/us-history/social-darwinism",
        "https://www.perlego.com/knowledge/study-guides/what-is-social-darwinism/",
        "https://www.oxfordbibliographies.com/abstract/document/obo-9780199756384/obo-9780199756384-0166.xml",
        "https://kids.britannica.com/students/article/Social-Darwinism/313601",
        "https://link.springer.com/referenceworkentry/10.1007/978-3-319-47829-6_137-1",
        "https://www.cambridge.org/core/books/cambridge-encyclopedia-of-darwin-and-evolutionary-thought/social-darwinism/7BC77FE554764FE89290EE0697BAA6D0"
    ],
    "Persecution of the christian church": [
        "https://www.christianitytoday.com/2021/01/christian-persecution-2021-countries-open-doors-watch-list/",
        "https://globalchristianrelief.org/christian-persecution/stories/persecution-trends-to-watch-in-2024-10-significant-examples-of-christian-persecution-today/",
        "https://www.opendoors.org/en-US/persecution/countries/",
        "https://www.christianitytoday.com/2024/01/christian-persecution-2024-countries-open-doors-watch-list/",
        "https://www.historytoday.com/archive/causes-early-persecutions",
        "https://www.christianitytoday.com/1990/07/persecution-in-early-church-christian-history-timeline/",
        "https://religionnews.com/2023/01/17/christian-persecution-higher-than-ever-as-open-doors-world-watch-list-marks-30-years/",
        "https://en.wikipedia.org/wiki/Persecution_of_Christians_in_the_New_Testament",
        "https://christianheritagefellowship.com/persecution-of-the-early-christian-church/",
        "https://churchleaders.com/christianity/469038-christian-persecution-in-america-unveiling-the-truth-behind-the-concerns.html"
    ],
    "Where does saltwater sponges live": [
        "https://myreef.aquariumdepot.com/how-to-look-after-sea-sponges/",
        "https://oceanservice.noaa.gov/facts/sponge.html",
        "https://oceaninfo.com/animals/sea-sponge/",
        "https://en.wikipedia.org/wiki/Sponge",
        "https://www.thoughtco.com/sponges-profile-2291833",
        "https://bio.libretexts.org/Bookshelves/Introductory_and_General_Biology/Book%3A_Introductory_Biology_(CK-12)/11%3A_Invertebrates/11.04%3A_Sponges",
        "https://oceanexplorer.noaa.gov/facts/sponge-diversity.html",
        "https://www.marinebio.org/creatures/marine-invertebrates/sponges/",
        "https://www.britannica.com/animal/sponge-animal",
        "https://www.themarinediaries.com/tmd-blog/its-a-spongy-world"
    ],
    "The photic zone has an maximum depth of": [
        "https://www.britannica.com/science/photic-zone",
        "https://library.fiveable.me/key-terms/environmental-biology/photic-zone",
        "https://library.fiveable.me/key-terms/limnology/photic-zone",
        "https://sciencestruck.com/helpful-guide-to-understand-photic-zone",
        "https://rwu.pressbooks.pub/webboceanography/chapter/6-5-light/",
        "https://www.encyclopedia.com/science/encyclopedias-almanacs-transcripts-and-maps/photic-zone-0",
        "https://library.fiveable.me/key-terms/college-bio/photic-zone",
        "https://science.jrank.org/pages/5150/Photic-Zone.html",
        "https://www.euston96.com/en/photic-zone/",
        "https://link.springer.com/referenceworkentry/10.1007/0-387-30843-1_325"
    ],
    "Blue and pink make what": [
        "https://thecolorsmeaning.com/what-color-blue-pink-make-mixed/",
        "https://www.color-meanings.com/what-color-blue-pink-make-mixed/",
        "https://www.colorpsychology.org/what-color-do-blue-and-pink-make-when-mixed/",
        "https://artincontext.org/what-color-does-blue-and-pink-make/",
        "https://www.homemade-gifts-made-easy.com/mixing-blue-and-pink.html",
        "https://colordesigner.io/color-mixer",
        "https://colorscombo.com/what-color-does-blue-and-pink-make/",
        "https://thisweekinlibraries.com/mixing-pink-and-blue-exploring-the-resulting-color/",
        "https://nicklachey.com/mixing-pink-and-blue-what-color-do-they-create/",
        "https://colorscombo.com/blue-and-pink-make-what-color/"
    ],
    "What are the various irrigation practices in the villages": [
        "https://www.districtgov.org/departments/utilities/irrigation.aspx",
        "https://www.talkofthevillages.com/forums/landscape-talk-129/watering-schedule-320894/",
        "https://www.villagescommunity.com/news/-what-are-the-current-watering-guidelines",
        "https://www.talkofthevillages.com/forums/villages-florida-general-discussion-73/watering-lawns-311388/",
        "https://www.thevillagesdailysun.com/news/villages/villages-water-saving-efforts-garner-praise/article_4c0f53d2-e33c-11ee-a8fd-1bd83734b480.html",
        "https://www.nationalgeographic.org/encyclopedia/irrigation/",
        "https://www.sciencedirect.com/science/article/pii/S2211464523000805",
        "https://en.wikipedia.org/wiki/Irrigation",
        "https://www.usgs.gov/special-topics/water-science-school/science/irrigation-methods-a-quick-look",
        "https://www.thevillageswaterwisdom.com/outdoor-conservation"
    ],
    "How do you care for newborn pitbull pups": [
        "https://vetexplainspets.com/newborn-pitbull-puppies-care-week-by-week/",
        "https://pethelpful.com/dogs/pit-bull-puppies-from-birth-to-six-weeks",
        "https://pitbulls.org/article/guide-stages-pit-bull-puppy-development",
        "https://vetexplainspets.com/how-to-take-care-of-baby-pitbulls/",
        "https://www.pawtracks.com/dogs/care-for-pitbull-puppy/",
        "https://www.wikihow.com/Take-Care-of-a-Pitbull-Puppy",
        "https://thepitbullcenter.com/pit-bull-care/",
        "https://www.rover.com/blog/pitbull-puppies-everything-you-need-to-know/",
        "https://petventuresbook.com/blogs/dog-breeds/owners-guide-to-pitbull-puppies",
        "https://www.akc.org/expert-advice/dog-breeding/raising-newborn-puppies/"
    ],
    "10 common defects characteristics in timber": [
        "https://civiltoday.com/civil-engineering-materials/timber/85-defects-in-timber-types-and-reasons",
        "https://www.decks.com/how-to/articles/common-wood-defects-types-causes-of-lumber-issues",
        "https://woodworkhub.us/wood-and-lumber-for-woodworking/understanding-wood-defects-imperfections/",
        "https://www.wildedgewoodcraft.com/blog/11-most-common-lumber-defects-and-their-remedies",
        "https://northcastlehw.com/blogs/wood/lumber-defects-explained-causes-and-effects",
        "https://treetotimber.com/defects-in-timbers-types-and-prevention/",
        "https://civilseek.com/defects-in-timber/",
        "https://www.thelumbershack.com/blogs/news/a-guide-to-the-common-wood-defects-lumber-shack",
        "https://woodworkersolutions.com/common-wood-defects-and-how-to-deal-with-them/",
        "https://wknightconsulting.com/types-of-defects-in-timber/"
    ],
    "What are chinas important landmarks": [
        "https://www.travelchinaguide.com/cityguides/famous-landmarks.htm",
        "https://www.destguides.com/china/china-landmarks-famous-landmarks-in-china",
        "https://thetripgoeson.com/china-landmarks/",
        "https://www.chinahighlights.com/travelguide/china-top-10-attractions.htm",
        "https://www.jonesaroundtheworld.com/famous-landmarks-in-china/",
        "https://www.destguides.com/china/china-landmarks-famous-landmarks-in-china-visual-story",
        "https://theadventurousfeet.com/china-landmarks-most-beautiful-places-in-china/",
        "https://www.planetware.com/tourist-attractions/china-chn.htm",
        "https://thetravelscribes.com/landmarks-in-china/",
        "https://www.travelchinaguide.com/cityguides/top-10-monuments.htm"
    ],
    "What are utahs four largest cities": [
        "https://www.biggestuscities.com/ut",
        "https://www.worldatlas.com/cities/10-largest-cities-in-utah.html",
        "https://worldpopulationreview.com/us-cities/utah",
        "https://www.measuredhs.com/top-10-largest-utah-cities-by-population/",
        "https://www.areavibes.com/ut/largest-cities/",
        "https://www.biggestuscities.com/ut/2020",
        "https://www.lavidanomad.com/biggest-cities-in-utah/",
        "https://propertyclub.nyc/article/largest-cities-in-utah",
        "https://www.biggestuscities.com/ut/2018",
        "https://www.homearea.com/rankings/place-in-ut/population/"
    ],
    "What are two powers that the legislative branch has": [
        "https://www.whitehouse.gov/about-the-white-house/our-government/the-legislative-branch/",
        "https://www.history.com/topics/us-government-and-politics/legislative-branch",
        "https://www.britannica.com/study/legislative-branch",
        "https://constitution.congress.gov/browse/essay/artI-S1-2-4/ALDE_00001314/['article',%20'2',%20'branch',%20'powers']",
        "https://constitutioncenter.org/the-constitution/articles/article-i",
        "https://constitution.congress.gov/browse/essay/artI-1/ALDE_00000242/",
        "https://www.law.cornell.edu/constitution/articlei",
        "https://www.thoughtco.com/the-legislative-branch-of-us-government-3322299",
        "https://www.history.com/topics/us-government-and-politics/three-branches-of-government",
        "https://k12.libretexts.org/Bookshelves/United_States_Government/04%3A_Three_Branches_of_Government/4.02%3A_The_Structure_and_Functions_of_the_Legislative_Branch"
    ],
    "Branches on every division of philosophy": [
        "https://www.thecollector.com/what-are-the-branches-of-philosophy/",
        "https://en.wikibooks.org/wiki/Introduction_to_Philosophy/The_Branches_of_Philosophy",
        "https://en.wikipedia.org/wiki/Outline_of_philosophy",
        "https://leverageedu.com/blog/branches-of-philosophy/",
        "https://www.worldatlas.com/philosophy/what-are-the-major-branches-of-philosophy.html",
        "https://philosophical.chat/latest-posts/branches-of-philosophy/",
        "https://philosophystudent.org/philosophy-branches/",
        "https://www.philosophybasics.com/branch.html",
        "https://philosophy.lander.edu/intro/what.shtml",
        "https://www.britannica.com/topic/philosophy"
    ],
    "What do the people in lebanon speak": [
        "https://www.worldatlas.com/articles/what-languages-are-spoken-in-lebanon.html",
        "https://en.wikipedia.org/wiki/Languages_of_Lebanon",
        "https://higherlanguage.com/what-language-do-they-speak-in-lebanon/",
        "https://talkinarabic.com/levantine/what-language-is-spoken-in-lebanon/",
        "https://www.studycountry.com/guide/LB-language.htm",
        "https://www.worldatlas.com/articles/the-culture-of-lebanon.html",
        "https://www.howtolearnalanguage.info/countries-languages/lebanon",
        "https://www.omniglot.com/writing/lebanese.htm",
        "https://ilab.academy/en/exploring-the-lebanese-language/",
        "https://simple.wikipedia.org/wiki/Lebanese_Arabic"
    ],
    "What is the reason for the novel The Da Vinci Code": [
        "https://bookanalysis.com/dan-brown/the-da-vinci-code/",
        "https://bookanalysis.com/dan-brown/the-da-vinci-code/review/",
        "https://bookanalysis.com/dan-brown/the-da-vinci-code/themes-analysis/",
        "https://www.sparknotes.com/lit/davincicode/",
        "https://www.sparknotes.com/lit/davincicode/summary/",
        "https://www.enotes.com/topics/da-vinci",
        "https://www.goodreads.com/book/show/968.The_Da_Vinci_Code",
        "https://www.encyclopedia.com/arts/educational-magazines/da-vinci-code",
        "https://www.sparknotes.com/lit/davincicode/themes/",
        "https://www.bbc.co.uk/programmes/articles/5nD9yKRX1SyhRdP0ZX95qm7/the-strange-true-story-behind-the-da-vinci-code"
    ],
    "How many millimeter in one liter": [
        "https://www.unitconverters.net/volume/l-to-ml.htm",
        "https://www.calculatorology.com/how-many-ml-in-a-liter/",
        "https://www.thecalculatorsite.com/conversions/liquidvolume/milliliters-to-liters.php",
        "https://www.checkyourmath.com/convert/volume/ml_liters.php",
        "https://www.convertunits.com/from/ml/to/liter",
        "https://www.splashlearn.com/math-vocabulary/milliliter-to-liter",
        "https://www.calculateme.com/volume/liters/to-milliliters/1",
        "https://www.convertunits.com/from/liter/to/ml",
        "https://www.calculateme.com/volume/liters/to-milliliters/",
        "https://www.convertworld.com/en/volume/litre/l-to-ml.html"
    ],
    "What language do people speak in Angola": [
        "https://www.worldatlas.com/articles/what-languages-are-spoken-in-angola.html",
        "https://www.commisceo-global.com/resources/country-guides/angola-guide",
        "https://www.wikiwand.com/en/articles/Languages_of_Angola",
        "https://shunculture.com/article/what-languages-are-spoken-in-angola",
        "https://worldwisefacts.com/what-language-is-spoken-in-angola/",
        "https://www.justlanded.com/english/Angola/Angola-Guide/Language/Languages-in-Angola",
        "https://wikimili.com/en/Languages_of_Angola",
        "https://www.getblend.com/blog/languages-of-angola/",
        "https://www.howtolearnalanguage.info/countries-languages/angola",
        "https://carmentablog.com/the-languages-of-angola-a-journey-through-the-countrys-multilingual-society/"
    ],
    "How can you delete your millsberry": [
        "https://answers.microsoft.com/en-us/windows/forum/all/how-can-you-manually-delete-a-user-profile-from/f36e88a8-0eca-4b80-ad5d-3db77cf38a86",
        "https://www.salon.com/2022/11/07/revisiting-millsberry-the-wild-rise-and-fall-of-general-mills-virtual-cereal-themed-town/",
        "https://www.youtube.com/watch?v=YsrgCdEATTc",
        "https://www.youtube.com/watch?v=t6wB1A6cMpk",
        "https://www.cnn.com/politics/live-news/trump-assassination-attempt-election-news-09-16-24/index.html",
        "https://lifehacker.com/tech/how-to-move-resize-color-app-icons-widgets-ios-18",
        "https://support.apple.com/guide/iphone/remove-payment-cards-iph3dd32dffe/ios",
        "https://support.apple.com/en-us/120837",
        "https://www.techradar.com/gaming/how-to-get-discord-on-ps5",
        "https://www.groovypost.com/howto/disable-form-autofill-chrome/"
    ],
    "Would be a key to preventing future genocide": [
        "https://www.ids.ac.uk/news/what-can-be-done-to-prevent-genocide/",
        "https://en.wikipedia.org/wiki/Genocide_prevention",
        "https://earlywarningproject.ushmm.org/reports/countries-at-risk-for-mass-killing-2023-24-early-warning-project-statistical-risk-assessment-results",
        "https://news.un.org/en/story/2023/01/1132792",
        "https://news.un.org/en/story/2024/09/1154326",
        "https://www.un.org/en/genocide-prevention/",
        "https://press.un.org/en/2021/sgsm21066.doc.htm",
        "https://www.un.org/en/genocideprevention/15th-anniversary.shtml",
        "https://earlywarningproject.ushmm.org/reports/countries-at-risk-for-mass-killing-2022-23-early-warning-project-statistical-risk-assessment-results",
        "https://news.un.org/en/story/2020/12/1079592"
    ],
    "How many teaspoons in one half ounce liquid": [
        "https://www.inchcalculator.com/convert/ounce-to-teaspoon/",
        "https://ezunitconverter.com/volume/ounce/teaspoon/1%7C2",
        "https://www.calculateme.com/volume/fluid-ounces/to-teaspoons/",
        "https://www.inchcalculator.com/convert/fluid-ounce-to-teaspoon/",
        "https://www.calculateme.com/volume/fluid-ounces/to-teaspoons/1",
        "https://www.convertunits.com/from/oz/to/tsp",
        "https://moonandspoonandyum.com/ounces-to-teaspoons/",
        "https://convertunits.online/food-conversion/ounces-to-teaspoons/",
        "https://www.conversion-metric.org/volume/ounce-to-teaspoon",
        "https://www.asknumbers.com/teaspoon-to-ounce.aspx"
    ],
    "What are some cheerleading facts": [
        "https://www.factretriever.com/cheerleading-facts",
        "https://facts.net/lifestyle/sports/13-facts-about-cheerleading/",
        "https://facts.net/lifestyle/sports/15-fun-facts-about-cheer/",
        "https://www.lovetoknow.com/life/lifestyle/cheerleading-facts",
        "https://sportsaspire.com/interesting-facts-about-cheerleading",
        "https://blog-staging.omnicheer.com/post/did-you-know-10-facts-about-cheerleading/",
        "https://www.stack.com/a/10-things-you-might-not-know-about-cheerleading/",
        "https://en.wikipedia.org/wiki/Cheerleading",
        "https://thecheerfever.com/what-is-cheerleading/",
        "https://www.liveabout.com/cheerleading-history-4080643"
    ],
    "When is the coast guard day celebrated": [
        "https://afd.defense.gov/History/Coast-Guard-Day/",
        "https://www.military.com/military-appreciation-month/origins-of-coast-guard-day.html",
        "https://www.military.com/coast-guard-birthday",
        "https://www.mycg.uscg.mil/News/Article/3116155/the-coast-guard-celebrates-232-years-of-service/",
        "https://nationaltoday.com/u-s-coast-guard-birthday/",
        "https://www.uso.org/stories/2273-9-coast-guard-facts",
        "https://www.cnn.com/2019/08/04/us/coast-guard-day-trnd/index.html",
        "https://veteranlife.com/military-holidays/national-coast-guard-day/",
        "https://www.nationaldaycalendar.com/national-day/national-coast-guard-day-august-4",
        "https://soldiersangels.org/celebrating-the-u-s-coast-guard-birthday/"
    ],
    "How far away it is from mercury": [
        "https://nineplanets.org/distance-between-planets/",
        "https://science.nasa.gov/mercury/facts/",
        "https://www.space.com/18646-mercury-distance.html",
        "https://www.universetoday.com/14165/distance-from-earth-to-mercury/",
        "https://lovethenightsky.com/how-far-away-is-mercury/",
        "https://www.astronomy.com/science/mercury/",
        "https://www.space.com/36-mercury-the-suns-closest-planetary-neighbor.html",
        "https://www.universetoday.com/14163/how-far-is-mercury-from-the-sun/",
        "https://nineplanets.org/questions/how-far-is-mercury-from-earth/",
        "https://starlust.org/how-far-away-is-mercury-now/"
    ],
    "Code for rip jaws in dna": [
        "https://www.youtube.com/watch?v=jTsXDK8gAMw",
        "https://ben10.fandom.com/wiki/Ripjaws_(Classic)",
        "https://www.youtube.com/watch?v=w6FMaS8fNok",
        "https://ben-10-list.fandom.com/wiki/Ripjaws",
        "https://ben10.fandom.com/wiki/Ripjaws_(Reboot)",
        "https://ben10.fandom.com/wiki/Ripjaws",
        "https://ben10verse.fandom.com/wiki/Ripjaws",
        "https://www.reddit.com/r/Ben10/comments/bovfp4/weekly_ben_10_alien_discussion_ripjaws/",
        "https://bio.libretexts.org/Workbench/Principles_of_the_Human_Body/9%3A_DNA_and_Protein_Synthesis/9.05%3A_Genetic_Code",
        "https://www.reddit.com/r/Ben10/comments/vv3d4x/codes_for_the_alien_dna_lab_if_you_guys_want_to/"
    ],
    "Worlds largest chicken": [
        "https://dailychickens.com/largest-chicken-breeds/",
        "https://www.knowyourchickens.com/largest-chicken-breed/",
        "https://www.nypots.com/biggest-chicken-in-the-world/",
        "https://a-z-animals.com/animals/chicken/chicken-facts/10-largest-chickens/",
        "https://www.outdoorhappens.com/largest-chicken-breed-biggest-chicken-in-the-world/",
        "https://rurallivingtoday.com/backyard-chickens-roosters/largest-chicken-breeds/",
        "https://largest.org/animals/chicken-breeds/",
        "https://chickenhype.com/15-largest-chicken-breeds-with-pictures/",
        "https://animal-world.com/largest-chicken-breeds/",
        "https://mychickenguide.com/chicken-care/breeds/biggest-chicken-breed/"
    ],
    "What is the postal code of kentucky": [
        "https://www.unitedstateszipcodes.org/ky/",
        "https://www.zip-codes.com/state/ky.asp",
        "https://www.zipcodestogo.com/Kentucky/",
        "https://us-postoffice.com/zip-codes/kentucky",
        "https://worldpostalcode.com/united-states/kentucky/",
        "https://www.randymajors.org/zipcodegmap?state=KY&onestate=show&labels=show",
        "https://thezipcodeapp.com/Kentucky",
        "https://ky.postcodebase.com/",
        "https://www.zipdatamaps.com/en/us/zip-list/state/zip-codes-in-kentucky",
        "https://kentucky.hometownlocator.com/zip-codes/"
    ],
    "What creates a sandstorm": [
        "https://eartheclipse.com/environment/sandstorms-causes-effects-facts.html",
        "https://ownyourweather.com/what-is-a-dust-storm/",
        "https://www.nationalgeographic.com/environment/article/are-dust-storms-getting-worse-heres-why-theyre-so-destructive",
        "https://humanidades.com/en/sandstorms/",
        "https://www.wonderopolis.org/wonder/what-causes-sandstorms",
        "https://scijinks.gov/dust-storm/",
        "https://www.washingtonpost.com/weather/2023/05/02/why-are-dust-storms-dangerous/",
        "https://www.accuweather.com/en/accuweather-ready/how-and-where-dust-storms-occur/686881",
        "https://www.unccd.int/land-and-life/sand-dust-storm/overview",
        "https://www.unep.org/news-and-stories/story/climate-changes-sand-storms-wreak-havoc-desert-communities"
    ],
    "How much does a pound of marijuana cost in the us": [
        "https://tripsitter.com/cannabis/cost/",
        "https://marijuanarates.com/marijuana-prices-state-average-prices-shop/",
        "https://www.newsweek.com/map-shows-price-cannabis-per-state-1910511",
        "https://oxfordtreatment.com/substance-abuse/marijuana/average-cost-of-marijuana/",
        "https://worldpopulationreview.com/state-rankings/marijuana-cost-by-state",
        "https://www.marijuanadoctors.com/blog/average-cost-of-cannabis-across-the-united-states/",
        "https://www.leafly.com/news/industry/us-marijuana-harvest-price-report-2020",
        "https://www.nuggmd.com/blog/medical-marijuana-cost-by-state",
        "https://flavorfix.com/guides/how-much-does-weed-cost/",
        "https://www.leafly.com/news/strains-products/wheres-the-cheapest-cost-cannabis-a-state-by-state-comparison"
    ],
    "How do you get the keys in sleuthhound": [
        "https://www.youtube.com/watch?v=nefkbU1pOWs",
        "https://forums2.battleon.com/f/tm.asp?m=17362925",
        "https://www.youtube.com/watch?v=FL6ds5KrVtU",
        "https://www.youtube.com/watch?v=ZHIwK_CaFZM",
        "https://www.answers.com/archaeology/Where_is_the_skull_key_at_sleuthhound_inn_on_aqw",
        "https://forums2.battleon.com/f/tm.asp?m=22115722",
        "http://aqwwiki.wikidot.com/sleuthhound-inn",
        "https://guidescroll.com/2011/08/adventure-quest-worlds-sleuthhound-help-guide/",
        "https://www.youtube.com/watch?v=ULqKV5YPp-Q",
        "https://qa.answers.com/games-qa/Who_is_the_culprit_in_sleuthhound_inn_in_aq_worlds"
    ],
    "Where is the largest bridgewho built itwhat kind of bridge is it": [
        "https://www.treehugger.com/worlds-longest-bridges-4869197",
        "https://nerdable.com/list/largest-bridge-in-the-world/",
        "https://www.livescience.com/34448-worlds-longest-bridge.html",
        "https://www.worldatlas.com/articles/20-longest-bridges-in-the-world.html",
        "https://largest.org/structures/bridges/",
        "https://www.britannica.com/topic/Verrazano-Narrows-Bridge",
        "https://www.mentalfloss.com/article/501554/whats-longest-bridge-world",
        "https://www.thomasnet.com/insights/where-is-the-longest-bridge-in-the-world/",
        "https://science.howstuffworks.com/engineering/civil/longest-bridges-in-world.htm",
        "https://en.wikipedia.org/wiki/Vasco_da_Gama_Bridge"
    ],
    "Apakah kraf tangan yang dibuat pada kain songket": [
        "https://travel.detik.com/travel-news/d-5214655/5-fakta-soal-songket-yang-bikin-kain-ini-semakin-dicintai",
        "https://ms.wikipedia.org/wiki/Songket",
        "https://fitinline.com/article/read/kenali-asal-mula-kain-songket-palembang-teknik-pembuatan-dan-motifnya/",
        "https://www.detik.com/edu/detikpedia/d-5717106/mengenal-kain-songket-khas-melayu-dan-jenis-jenisnya",
        "https://www.gramedia.com/literasi/kain-songket/",
        "https://www.liputan6.com/regional/read/5359814/mengenal-kain-songket-sejarah-makna-hingga-penggunaannya",
        "https://lifestyle.kompas.com/read/2024/04/23/162400120/jenis-kain-songket-berdasarkan-bahannya-apa-saja",
        "https://blog.knitto.co.id/kain-songket/",
        "https://songketdunia.my/blogs/news/songket-panduan-lengkap",
        "https://en.wikipedia.org/wiki/Songket"
    ],
    "Why does a carbonated drink become flat when left open": [
        "https://www.thedailymeal.com/1656797/flatten-soda-bottle-fizzy-longer/",
        "https://www.livescience.com/32461-why-do-soft-drinks-go-flat.html",
        "https://sodapopcraft.com/can-soda-go-flat-if-unopened/",
        "https://totallydrinks.com/does-soda-go-flat-if-you-dont-open-it/",
        "https://phys.org/news/2023-08-chemistry-carbonated-beverages.html",
        "https://totallydrinks.com/what-makes-soda-flat-faster/",
        "https://www.indianapublicmedia.org/amomentofscience/fizz-flat-science-soda-pop/",
        "https://lifehacker.com/science-explains-how-carbonation-works-and-why-your-gl-1481962717",
        "https://theconversation.com/the-bubbly-chemistry-behind-carbonated-beverages-210111",
        "https://www.livescience.com/32492-why-does-soda-fizz.html"
    ],
    "Why sacrifice must environment to achieve development": [
        "https://news.climate.columbia.edu/2020/01/27/economic-growth-environmental-sustainability/",
        "https://blogs.worldbank.org/en/climatechange/climate-action-does-not-require-economic-sacrifice",
        "https://odi.org/en/insights/must-developing-countries-sacrifice-growth-to-save-the-planet/",
        "https://www.ecnmy.org/engage/how-much-should-we-sacrifice-to-help-the-environment/",
        "https://academic.oup.com/mit-press-scholarship-online/book/14314/chapter/168227651",
        "https://www.ifc.org/en/stories/2022/how-to-promote-growth-and-protect-the-planet",
        "https://theconversation.com/effective-climate-action-requires-us-to-abandon-viewing-our-efforts-as-a-sacrifice-213046",
        "https://www.weforum.org/agenda/2015/09/how-achievable-are-the-sustainable-development-goals/",
        "https://www.unep.org/topics/sustainable-development-goals/why-do-sustainable-development-goals-matter",
        "https://academic.oup.com/mit-press-scholarship-online/book/14314"
    ],
    "How many atoms are contained in eachmolecule of sulfuric acid": [
        "https://www.answers.com/chemistry/How_many_atoms_are_in_sulphuric_acid",
        "https://brainly.com/question/18337009",
        "https://chem.libretexts.org/Bookshelves/Introductory_Chemistry/Book%3A_Introductory_Chemistry_(CK-12)/10%3A_The_Mole/10.02%3A_Conversions_Between_Moles_and_Atoms",
        "https://brainly.com/question/40815552",
        "https://en.wikipedia.org/wiki/Sulfuric_acid",
        "https://www.chemicalaid.com/tools/molarmass.php?formula=H2SO4&hl=en",
        "https://www.answers.com/Q/How_many_atoms_contained_in_each_molecule_of_sulfuric_acid",
        "https://socratic.org/questions/the-formula-of-sulfuric-acid-is-h-so-4-how-many-atoms-of-hydrogen-sulfur-and-oxy",
        "https://www.numerade.com/ask/question/how-many-atoms-are-contained-in-each-molecule-of-sulfuric-acid-38784/",
        "https://courses.lumenlearning.com/umes-cheminter/chapter/the-mole/"
    ],
    "Who is the most famous african american mathmatician": [
        "https://www.mashupmath.com/blog/famous-african-american-mathematicians",
        "https://en.wikipedia.org/wiki/List_of_African-American_mathematicians",
        "https://www.havefunwithhistory.com/black-mathematicians/",
        "https://math.buffalo.edu/mad/madgreatest.html",
        "https://www.sabes.org/content/11-famous-african-american-mathematicians-you-should-know-about/math-and-numeracy-sabes",
        "https://en.wikipedia.org/wiki/Katherine_Johnson",
        "https://academicinfluence.com/rankings/people/black-scholars/mathematicians",
        "https://www.biography.com/scientists/katherine-g-johnson",
        "https://www.thefamouspeople.com/african-american-mathematicians.php",
        "https://www.bytelearn.com/articles/5-black-mathematicians-who-made-history-a-look-at-the-contributions-of-black-innovators-in-math/"
    ],
    "What kind of cultures do chile have": [
        "https://www.adventure-life.com/chile/articles/culture-of-chile",
        "https://www.worldatlas.com/articles/culture-of-chile.html",
        "https://internationalliving.com/countries/chile/culture-and-traditions-in-chile/",
        "https://en.wikipedia.org/wiki/Culture_of_Chile",
        "https://civilisable.com/chilean-culture/",
        "https://www.everyculture.com/Bo-Co/Chile.html",
        "https://www.learnfromtravel.com/blog/a-brief-guide-to-chile-culture-people-history-language-food-and-arts",
        "https://www.iexplore.com/articles/travel-guides/central-and-south-america/chile/history-and-culture",
        "https://marcachile.cl/en/life-culture/chile-stands-out-for-its-cultural-diversity-and-the-talent-of-its-people/",
        "https://www.chimuadventures.com/en-us/blog/culture-and-customs-chile"
    ],
    "Gas was used for balloons long time ago": [
        "http://www.historyofballoons.com/balloon-history/history-of-gas-balloons/",
        "https://en.wikipedia.org/wiki/Gas_balloon",
        "https://www.npr.org/2013/11/15/245435025/early-balloonists-took-science-up-up-and-away",
        "https://www.scientificamerican.com/article/balloon-evolution/",
        "https://balloonfiesta.com/Gas-Balloons-History",
        "https://aaballoon.com/history-and-science-behind-balloons/",
        "https://www.bbml.org.uk/first-gas-balloon-flight/",
        "https://www.airandspace.si.edu/stories/editorial/launching-balloon-era",
        "https://www.britannica.com/technology/balloon-flight",
        "https://www.historyofballoons.com/balloon-history/ballooning-history/"
    ],
    "Can someone infected with syphillis get symptoms a week later": [
        "https://www.mayoclinic.org/diseases-conditions/syphilis/symptoms-causes/syc-20351756",
        "https://www.verywellhealth.com/how-long-before-std-symptoms-appear-3133026",
        "https://www.cdc.gov/syphilis/about/index.html",
        "https://www.everlywell.com/blog/sti-testing/how-long-can-an-std-stay-dormant-without-symptoms/",
        "https://www.medicalnewstoday.com/articles/stages-of-syphilis-timeline",
        "https://ada.com/conditions/syphilis-infection/",
        "https://www.webmd.com/sexual-conditions/types-stages-syphilis",
        "https://my.clevelandclinic.org/health/diseases/4622-syphilis",
        "https://www.verywellhealth.com/first-signs-syphilis-5271655",
        "https://affordablerapidtesting.com/health-resources/can-syphilis-come-back-after-being-cured-at-what-stage-is-syphilis-not-curable/"
    ],
    "Can dogs eat pomegranite seeds": [
        "https://www.akc.org/expert-advice/nutrition/can-dogs-eat-pomegranates/",
        "https://www.dailypaws.com/dogs-puppies/dog-nutrition/what-can-dogs-eat/can-dogs-eat-pomegranate",
        "https://www.m-dog.org/can-dogs-eat-pomegranate-seeds/",
        "https://vetadvises.com/can-dogs-eat-pomegranate-seeds/",
        "https://www.petmd.com/dog/nutrition/can-dogs-eat-pomegranate",
        "https://www.rover.com/blog/can-dog-eat-pomegranate/",
        "https://blog.tryfi.com/can-dogs-eat-pomegranate-seeds/",
        "https://www.dogswiz.com/can-dogs-eat-pomegranate-seeds/",
        "https://www.greatpetcare.com/dog-nutrition/can-dogs-eat-pomegranate/",
        "https://simplyfordogs.com/can-dogs-eat-pomegranate/"
    ],
    "Really interesting facts about hernando cortez": [
        "https://www.thoughtco.com/ten-facts-about-hernan-cortes-2136576",
        "https://thehistoryjunkie.com/15-facts-abouthernan-cortes/",
        "https://www.havefunwithhistory.com/facts-about-hernan-cortes/",
        "https://www.history.com/topics/exploration/hernan-cortes",
        "https://facts.net/history/15-best-hernan-cortes-interesting-facts/",
        "https://learnodo-newtonic.com/hernan-cortes-facts",
        "https://www.biography.com/history-culture/hernan-cortes",
        "https://www.britannica.com/biography/Hernan-Cortes",
        "https://www.worldhistory.org/Hernan_Cortes/",
        "https://facts.quest/15-fascinating-facts-about-hernan-cortes/"
    ],
    "What language ia used in greece": [
        "https://www.worldatlas.com/articles/what-language-do-they-speak-in-greece.html",
        "https://en.wikipedia.org/wiki/Languages_of_Greece",
        "https://www.britannica.com/topic/Greek-language",
        "https://higherlanguage.com/what-language-do-they-speak-in-greece/",
        "https://en.wikipedia.org/wiki/Greek_language",
        "https://www.greece.com/info/language/greek_language/",
        "https://www.britannica.com/topic/Greek-language/Modern-Greek",
        "https://www.greecetravelstories.com/language-greece",
        "https://simple.wikipedia.org/wiki/Greek_language",
        "https://www.britannica.com/summary/Greek-language"
    ],
    "Who is the most famous artist in guatemala": [
        "https://theculturetrip.com/central-america/guatemala/articles/7-artists-from-guatemala-you-should-know",
        "https://www.discoverwalks.com/blog/guatemala/top-10-most-famous-people-from-guatemala/",
        "https://theculturetrip.com/central-america/guatemala/articles/meet-guatemalas-influential-people-discover-rose-fame",
        "https://www.touristsecrets.com/destinations/central-south-america/meet-guatemalas-most-influential-people-and-their-astonishing-rise-to-fame/",
        "https://www.wikiart.org/en/carlos-merida",
        "https://analiamoreiro.com/guatemalan-music-genres-styles-and-iconic-artists-shaping-the-countrys-music-scene/",
        "https://theculturetrip.com/central-america/guatemala/articles/9-musicians-you-need-to-know-before-visiting-guatemala-city",
        "https://www.britannica.com/biography/Carlos-Merida",
        "https://phxart.org/artists/carlos-merida/",
        "https://holacultura.com/visiting-artist-guatemalan-potters-ancient-mayan-and-contemporary-influences/"
    ],
    "What are some fun sex games": [
        "https://www.theknot.com/content/sex-games-for-couples",
        "https://www.cosmopolitan.com/sex-love/g3801/naughty-sex-games/",
        "https://www.schoolofsquirt.com/sex-games-for-couples/",
        "https://www.pcgamer.com/best-sex-games/",
        "https://www.self.com/gallery/best-sex-games",
        "https://www.gq.com/story/best-sex-games",
        "https://www.menshealth.com/sex-women/g18819245/fun-sex-games-for-couples/",
        "https://www.glamour.com/gallery/best-sex-games-for-couples",
        "https://www.marieclaire.com/sex-love/g4368/sex-games-for-couples/",
        "https://www.prevention.com/sex/relationships/g40398727/best-sex-games-couples/"
    ],
    "How does an elephant attract its mate": [
        "https://wildlifefaq.com/elephant-reproduction/",
        "https://www.youtube.com/watch?v=144GWb0gLhU",
        "https://facts.net/nature/animals/19-elephant-mating-facts/",
        "https://a-z-animals.com/animals/elephant/elephant-facts/how-do-elephants-mate-2/",
        "https://science.jrank.org/pages/2423/Elephant-Mating.html",
        "https://vetadvises.com/how-elephants-mate/",
        "https://sciencing.com/elephants-mate-4574022.html",
        "https://vetadvises.com/how-elephants-breed/",
        "https://www.joyofanimals.com/elephants-mate-reproduce/",
        "https://www.britannica.com/animal/elephant-mammal/Reproduction-and-life-cycle"
    ],
    "How many calories in cooked beef": [
        "https://www.nutritionix.com/food/beef-cooked",
        "https://www.fatsecret.com/calories-nutrition/food/beef",
        "https://www.fatsecret.com/calories-nutrition/generic/beef-cooked-ns-as-to-fat-eaten?portionid=50030&portionamount=100.000",
        "https://www.fatsecret.com/calories-nutrition/generic/ground-beef-regular-cooked",
        "https://www.healthline.com/nutrition/beef",
        "https://cheatdaydesign.com/steak-nutrition-guide/",
        "https://www.nutritionix.com/food/beef",
        "https://www.verywellfit.com/lean-beef-can-be-part-of-a-healthy-diet-2507013",
        "https://www.calories.info/food/meat",
        "https://www.eatthismuch.com/calories/ground-beef,5408"
    ],
    "How many years do you need to go to college to be a cop": [
        "https://www.rasmussen.edu/degrees/justice-studies/blog/how-to-become-a-police-officer/",
        "https://www.indeed.com/career-advice/career-development/how-to-become-a-police-officer",
        "https://www.publicservicedegrees.org/how-to-become/police-officer/",
        "https://www.criminaljusticedegreeschools.com/careers/police-officer/",
        "https://www.bestcolleges.com/criminal-justice/trades/police-officer/what-to-know/",
        "https://www.indeed.com/career-advice/finding-a-job/do-you-need-a-degree-to-be-a-cop",
        "https://www.careerexplorer.com/careers/police-officer/how-to-become/",
        "https://policeofficer.org/careers/police-officer/",
        "https://www.geteducated.com/careers/how-to-become-a-police-officer/",
        "https://www.how-to-become-a-police-officer.com/education/"
    ]
}